{"loss": [1.3199998140335083, 0.4405271112918854, 0.26363420486450195, 0.18307901918888092, 0.1397842913866043, 0.10863632708787918, 0.08982452005147934, 0.07356953620910645, 0.06502331048250198, 0.05682027339935303], "accuracy": [0.6113237142562866, 0.861426830291748, 0.9156127572059631, 0.9408066272735596, 0.9545060396194458, 0.964648962020874, 0.9704104065895081, 0.9765843749046326, 0.979102373123169, 0.981421172618866], "val_loss": [0.4633306562900543, 0.2990235984325409, 0.20998752117156982, 0.2532047927379608, 0.17025208473205566, 0.20786386728286743, 0.14289841055870056, 0.14662079513072968, 0.15127131342887878, 0.14127957820892334], "val_accuracy": [0.8505576848983765, 0.9045640826225281, 0.9343842267990112, 0.9247666597366333, 0.9468472599983215, 0.936546802520752, 0.9583427906036377, 0.9570908546447754, 0.9577168226242065, 0.9611313343048096]}