{"loss": [1.2409216165542603, 0.521453320980072, 0.3749319016933441, 0.29339098930358887, 0.23646728694438934, 0.1957409828901291, 0.16525499522686005, 0.13991817831993103, 0.12073314934968948, 0.10580166429281235], "accuracy": [0.7236517667770386, 0.859735906124115, 0.8943129777908325, 0.9144840240478516, 0.9282253980636597, 0.9403177499771118, 0.9491506218910217, 0.9569735527038574, 0.9628152251243591, 0.9676470756530762], "val_loss": [0.3931514620780945, 0.2621515989303589, 0.1908443123102188, 0.1470395028591156, 0.12258917838335037, 0.0992322787642479, 0.08306222409009933, 0.07184126228094101, 0.06082510948181152, 0.053702615201473236], "val_accuracy": [0.8978654742240906, 0.9287928342819214, 0.947403609752655, 0.96062833070755, 0.965951681137085, 0.9732268452644348, 0.9782370328903198, 0.9810552597045898, 0.9847815632820129, 0.9862741827964783]}