{"loss": [1.0032894611358643, 0.38260093331336975, 0.269737184047699, 0.2103518396615982, 0.16792826354503632, 0.1391655057668686, 0.11723121255636215, 0.09889299422502518, 0.08536909520626068, 0.07101957499980927], "accuracy": [0.7490718960762024, 0.8897636532783508, 0.9181457757949829, 0.9340739250183105, 0.9463597536087036, 0.9553534984588623, 0.9624280333518982, 0.9681296944618225, 0.9729207158088684, 0.9777258038520813], "val_loss": [0.3079187572002411, 0.19339191913604736, 0.14235906302928925, 0.11101534217596054, 0.08501457422971725, 0.06811964511871338, 0.05933321267366409, 0.04654323309659958, 0.039970315992832184, 0.029995528981089592], "val_accuracy": [0.9131025671958923, 0.9436560273170471, 0.9585895538330078, 0.9676393270492554, 0.9756104350090027, 0.9812279939651489, 0.9838476777076721, 0.9880924224853516, 0.9896193742752075, 0.9934578537940979]}