{"loss": [1.2349494695663452, 0.5229339599609375, 0.3787851929664612, 0.29549428820610046, 0.23673732578754425, 0.19471858441829681, 0.1645808219909668, 0.14075744152069092, 0.12130896747112274, 0.10564766824245453], "accuracy": [0.7234727740287781, 0.8597231507301331, 0.8925106525421143, 0.913090705871582, 0.9285449385643005, 0.9399343132972717, 0.9493423104286194, 0.9564495086669922, 0.9623806476593018, 0.9669440388679504], "val_loss": [0.39630916714668274, 0.2600911259651184, 0.19831858575344086, 0.15350225567817688, 0.12035571783781052, 0.09594143182039261, 0.08279675990343094, 0.07285218685865402, 0.05913553014397621, 0.052799291908741], "val_accuracy": [0.897103488445282, 0.9291059970855713, 0.9437398910522461, 0.9565784931182861, 0.9674755930900574, 0.9741767048835754, 0.9776942729949951, 0.9800010323524475, 0.9848650693893433, 0.9865769147872925]}