{"loss": [1.2466106414794922, 0.5229097604751587, 0.37920695543289185, 0.29448944330215454, 0.23874667286872864, 0.19668135046958923, 0.16504918038845062, 0.13931474089622498, 0.12216399610042572, 0.10568801313638687], "accuracy": [0.7210057377815247, 0.861320972442627, 0.8931114077568054, 0.9134230613708496, 0.9283660054206848, 0.9399087429046631, 0.9487415552139282, 0.9569352269172668, 0.9619588255882263, 0.9674298167228699], "val_loss": [0.40234819054603577, 0.27120402455329895, 0.1992972195148468, 0.15525589883327484, 0.12502864003181458, 0.10162719339132309, 0.08319675922393799, 0.07355155050754547, 0.07349696010351181, 0.05899780988693237], "val_accuracy": [0.896226704120636, 0.9258806705474854, 0.9447836875915527, 0.9567767977714539, 0.9644903540611267, 0.9714419841766357, 0.9773498177528381, 0.9804916381835938, 0.9791242480278015, 0.9839778542518616]}